{
    "target_mean": 0.8010459043234993,
    "target_std": 0.619101326972923,
    "feature_means": [
        11.374745169633359,
        78.94844439373179,
        13.485584968811823,
        191.87240193423526,
        36.942263806481066,
        31.1432945382626,
        38.78170165829916
    ],
    "feature_stds": [
        5.568636225842492,
        9.608920482564328,
        5.883786735928781,
        77.73090998837151,
        26.90219827734229,
        24.947331584246932,
        28.735724862400907
    ]
}